-- phpMyAdmin SQL Dump
-- version 4.9.1
-- https://www.phpmyadmin.net/
--
-- Host: localhost
-- Generation Time: Dec 11, 2019 at 12:02 AM
-- Server version: 10.4.8-MariaDB
-- PHP Version: 7.3.10

SET SQL_MODE = "NO_AUTO_VALUE_ON_ZERO";
SET AUTOCOMMIT = 0;
START TRANSACTION;
SET time_zone = "+00:00";


/*!40101 SET @OLD_CHARACTER_SET_CLIENT=@@CHARACTER_SET_CLIENT */;
/*!40101 SET @OLD_CHARACTER_SET_RESULTS=@@CHARACTER_SET_RESULTS */;
/*!40101 SET @OLD_COLLATION_CONNECTION=@@COLLATION_CONNECTION */;
/*!40101 SET NAMES utf8mb4 */;

--
-- Database: `jtl`
--

-- --------------------------------------------------------

--
-- Table structure for table `curso`
--

CREATE TABLE `curso` (
  `ID_curso` int(11) NOT NULL,
  `cursos` set('PRIMERO','SEGUNDO','TERCERO','CUARTO','QUINTO','SEXTO','SEPTIMO','OCTAVO','NOVENO','DECIMO','ONCE') COLLATE latin1_spanish_ci NOT NULL
) ENGINE=InnoDB DEFAULT CHARSET=latin1 COLLATE=latin1_spanish_ci;

--
-- Dumping data for table `curso`
--

INSERT INTO `curso` (`ID_curso`, `cursos`) VALUES
(1, 'PRIMERO'),
(2, 'SEGUNDO'),
(3, 'TERCERO'),
(4, 'CUARTO'),
(5, 'QUINTO'),
(6, 'SEXTO'),
(7, 'SEPTIMO'),
(8, 'OCTAVO'),
(9, 'NOVENO'),
(10, 'DECIMO'),
(11, 'ONCE');

-- --------------------------------------------------------

--
-- Table structure for table `departamentos`
--

CREATE TABLE `departamentos` (
  `id_depto` int(10) NOT NULL,
  `nombre_dep` varchar(20) COLLATE utf8mb4_spanish_ci NOT NULL
) ENGINE=InnoDB DEFAULT CHARSET=utf8mb4 COLLATE=utf8mb4_spanish_ci;

--
-- Dumping data for table `departamentos`
--

INSERT INTO `departamentos` (`id_depto`, `nombre_dep`) VALUES
(5, 'ANTIOQUIA'),
(8, 'ATLANTICO'),
(11, 'BOGOTA D.C.'),
(13, 'BOLIVAR'),
(15, 'BOYACA'),
(17, 'CALDAS'),
(18, 'CAQUETA'),
(19, 'CAUCA'),
(20, 'CESAR'),
(23, 'CORDOBA'),
(25, 'CUNDINAMARCA'),
(27, 'CHOCO'),
(41, 'HUILA'),
(44, 'LA GUAJIRA'),
(47, 'MAGDALENA'),
(50, 'META'),
(52, 'NARIÑO'),
(54, 'NORTE DE SANTANDER'),
(63, 'QUINDIO'),
(66, 'RISARALDA'),
(68, 'SANTANDER'),
(70, 'SUCRE'),
(73, 'TOLIMA'),
(76, 'VALLE DEL CAUCA'),
(81, 'ARAUCA'),
(85, 'CASANARE'),
(86, 'PUTUMAYO'),
(88, 'SAN ANDRES'),
(91, 'AMAZONAS'),
(94, 'GUAINIA'),
(95, 'GUAVIARE'),
(97, 'VAUPES'),
(99, 'VICHADA');

-- --------------------------------------------------------

--
-- Table structure for table `empleado`
--

CREATE TABLE `empleado` (
  `ID_empleado` int(11) NOT NULL,
  `PRnombreEMP` varchar(25) COLLATE latin1_spanish_ci NOT NULL,
  `SGnombreEMP` varchar(25) COLLATE latin1_spanish_ci DEFAULT NULL,
  `PRapellidoEMP` varchar(25) COLLATE latin1_spanish_ci NOT NULL,
  `SGapellidoEMP` varchar(25) COLLATE latin1_spanish_ci DEFAULT NULL,
  `identificacion_EMP` int(16) NOT NULL,
  `tipo_identificacion` set('C.C','C.E','T.I','R.C','NUIP','PASAPORTE') COLLATE latin1_spanish_ci NOT NULL,
  `DIR_residencia` varchar(30) COLLATE latin1_spanish_ci NOT NULL,
  `telefono` int(11) NOT NULL,
  `celular` int(11) NOT NULL,
  `fecha_nacimiento` date NOT NULL
) ENGINE=InnoDB DEFAULT CHARSET=latin1 COLLATE=latin1_spanish_ci;

--
-- Dumping data for table `empleado`
--

INSERT INTO `empleado` (`ID_empleado`, `PRnombreEMP`, `SGnombreEMP`, `PRapellidoEMP`, `SGapellidoEMP`, `identificacion_EMP`, `tipo_identificacion`, `DIR_residencia`, `telefono`, `celular`, `fecha_nacimiento`) VALUES
(1, 'Juan', 'Andres', 'Perez', 'Prada', 1576803209, 'C.C', 'Cra 56 #6-33', 4509237, 320945487, '1992-05-29'),
(2, 'Pedro', NULL, 'Psgd', NULL, 121423111, 'C.C', 'Cra 14 #45-54', 4509237, 32067700, '1990-09-11');

-- --------------------------------------------------------

--
-- Table structure for table `estudiantes`
--

CREATE TABLE `estudiantes` (
  `ID_estudiantes` int(11) NOT NULL,
  `PRnombreEST` varchar(25) COLLATE latin1_spanish_ci NOT NULL,
  `SGnombreEST` varchar(25) COLLATE latin1_spanish_ci NOT NULL,
  `PRapellidoEST` varchar(25) COLLATE latin1_spanish_ci NOT NULL,
  `SGapellidoEST` varchar(25) COLLATE latin1_spanish_ci NOT NULL,
  `identificacion_EST` int(16) NOT NULL,
  `tipo_identificacion` set('C.C','C.E','T.I','R.C','NUIP','PASAPORTE') COLLATE latin1_spanish_ci NOT NULL,
  `fecha_nacimiento` date NOT NULL,
  `lugar_nacimientoD` int(10) NOT NULL,
  `lugar_nacimientoM` int(11) NOT NULL,
  `lugar_expedicionD` int(10) NOT NULL,
  `lugar_expedicionM` int(11) NOT NULL,
  `fecha_expedicion` date NOT NULL,
  `genero` set('M','F','NOTDEFINE','OTHER') COLLATE latin1_spanish_ci NOT NULL,
  `tipo_sangre` set('A+','A-','O+','O-','B+','B-','AB+','AB-') COLLATE latin1_spanish_ci NOT NULL,
  `lugar_residencia` varchar(15) COLLATE latin1_spanish_ci NOT NULL,
  `zona` varchar(15) COLLATE latin1_spanish_ci NOT NULL,
  `estrato` set('1','2','3','4','6','7','8') COLLATE latin1_spanish_ci NOT NULL,
  `DIR_residencia` varchar(30) COLLATE latin1_spanish_ci NOT NULL,
  `barrio_corregimiento` varchar(30) COLLATE latin1_spanish_ci NOT NULL,
  `localidad_vereda` varchar(30) COLLATE latin1_spanish_ci NOT NULL,
  `telefonoEST` int(11) NOT NULL,
  `celularEST` int(11) NOT NULL,
  `sede` set('Villavicencio','Lejanias','Mesetas','Puerto Gaitan') COLLATE latin1_spanish_ci NOT NULL,
  `jornada` set('Diurna','Noctucna','Fin de semana') COLLATE latin1_spanish_ci NOT NULL,
  `ID_curso` int(11) NOT NULL,
  `grupo` set('1','2','3','4','5') COLLATE latin1_spanish_ci NOT NULL,
  `estado` set('Matriculado','No Matriculado','En proceso','') COLLATE latin1_spanish_ci NOT NULL,
  `caracter` set('Aplica','No aplica') COLLATE latin1_spanish_ci NOT NULL,
  `especialidad` varchar(15) COLLATE latin1_spanish_ci NOT NULL,
  `modalidad` set('Presencial','Virtual','A distancia') COLLATE latin1_spanish_ci NOT NULL,
  `nuevo` set('Si','No') COLLATE latin1_spanish_ci NOT NULL,
  `metodologia` varchar(15) COLLATE latin1_spanish_ci NOT NULL,
  `repitente` set('Si','No') COLLATE latin1_spanish_ci NOT NULL,
  `F.matricula` date NOT NULL,
  `F.retiro` date NOT NULL,
  `email` varchar(25) COLLATE latin1_spanish_ci NOT NULL,
  `sisben` set('Si','No') COLLATE latin1_spanish_ci NOT NULL,
  `puntaje_sisben` decimal(11,0) NOT NULL,
  `dateadd` datetime NOT NULL
) ENGINE=InnoDB DEFAULT CHARSET=latin1 COLLATE=latin1_spanish_ci;

--
-- Dumping data for table `estudiantes`
--

INSERT INTO `estudiantes` (`ID_estudiantes`, `PRnombreEST`, `SGnombreEST`, `PRapellidoEST`, `SGapellidoEST`, `identificacion_EST`, `tipo_identificacion`, `fecha_nacimiento`, `lugar_nacimientoD`, `lugar_nacimientoM`, `lugar_expedicionD`, `lugar_expedicionM`, `fecha_expedicion`, `genero`, `tipo_sangre`, `lugar_residencia`, `zona`, `estrato`, `DIR_residencia`, `barrio_corregimiento`, `localidad_vereda`, `telefonoEST`, `celularEST`, `sede`, `jornada`, `ID_curso`, `grupo`, `estado`, `caracter`, `especialidad`, `modalidad`, `nuevo`, `metodologia`, `repitente`, `F.matricula`, `F.retiro`, `email`, `sisben`, `puntaje_sisben`, `dateadd`) VALUES
(1, 'Felipe', 'Andres', 'Paez', 'Pati;o', 232435223, 'C.E', '1919-12-11', 25, 778, 94, 1046, '2019-12-17', 'OTHER', 'AB-', 'ererererere', 'erererere', '6', 'erewg4e5tw45fw', 'fgbvsrdgsrt', 'setrgwer', 3434323, 343556, 'Lejanias', 'Fin de semana', 6, '3', 'En proceso', 'Aplica', '', 'A distancia', 'Si', 'frerefdgre', 'No', '2019-12-09', '2019-12-09', 'dfdfrt43v', 'Si', '34232', '2019-12-09 05:42:11');

-- --------------------------------------------------------

--
-- Table structure for table `municipios`
--

CREATE TABLE `municipios` (
  `codigo_municipio` varchar(10) COLLATE utf8mb4_spanish_ci NOT NULL,
  `nombre_municipio` varchar(20) COLLATE utf8mb4_spanish_ci NOT NULL,
  `id_depto` int(10) NOT NULL,
  `ID_Municipios` int(11) NOT NULL
) ENGINE=InnoDB DEFAULT CHARSET=utf8mb4 COLLATE=utf8mb4_spanish_ci;

--
-- Dumping data for table `municipios`
--

INSERT INTO `municipios` (`codigo_municipio`, `nombre_municipio`, `id_depto`, `ID_Municipios`) VALUES
('001', 'MEDELLIN', 5, 1),
('002', 'ABEJORRAL', 5, 2),
('004', 'ABRIAQUI', 5, 3),
('021', 'ALEJANDRIA', 5, 4),
('030', 'AMAGA', 5, 5),
('031', 'AMALFI', 5, 6),
('034', 'ANDES', 5, 7),
('036', 'ANGELOPOLIS', 5, 8),
('038', 'ANGOSTURA', 5, 9),
('040', 'ANORI', 5, 10),
('042', 'SANTAFE DE ANTIOQUIA', 5, 11),
('044', 'ANZA', 5, 12),
('045', 'APARTADO', 5, 13),
('051', 'ARBOLETES', 5, 14),
('055', 'ARGELIA', 5, 15),
('059', 'ARMENIA', 5, 16),
('079', 'BARBOSA', 5, 17),
('086', 'BELMIRA', 5, 18),
('088', 'BELLO', 5, 19),
('091', 'BETANIA', 5, 20),
('093', 'BETULIA', 5, 21),
('101', 'CIUDAD BOLIVAR', 5, 22),
('107', 'BRICE?O', 5, 23),
('113', 'BURITICA', 5, 24),
('120', 'CACERES', 5, 25),
('125', 'CAICEDO', 5, 26),
('129', 'CALDAS', 5, 27),
('134', 'CAMPAMENTO', 5, 28),
('138', 'CA?ASGORDAS', 5, 29),
('142', 'CARACOLI', 5, 30),
('145', 'CARAMANTA', 5, 31),
('147', 'CAREPA', 5, 32),
('148', 'EL CARMEN DE VIBORAL', 5, 33),
('150', 'CAROLINA', 5, 34),
('154', 'CAUCASIA', 5, 35),
('172', 'CHIGORODO', 5, 36),
('190', 'CISNEROS', 5, 37),
('197', 'COCORNA', 5, 38),
('206', 'CONCEPCION', 5, 39),
('209', 'CONCORDIA', 5, 40),
('212', 'COPACABANA', 5, 41),
('234', 'DABEIBA', 5, 42),
('237', 'DON MATIAS', 5, 43),
('240', 'EBEJICO', 5, 44),
('250', 'EL BAGRE', 5, 45),
('264', 'ENTRERRIOS', 5, 46),
('266', 'ENVIGADO', 5, 47),
('282', 'FREDONIA', 5, 48),
('284', 'FRONTINO', 5, 49),
('306', 'GIRALDO', 5, 50),
('308', 'GIRARDOTA', 5, 51),
('310', 'GOMEZ PLATA', 5, 52),
('313', 'GRANADA', 5, 53),
('315', 'GUADALUPE', 5, 54),
('318', 'GUARNE', 5, 55),
('321', 'GUATAPE', 5, 56),
('347', 'HELICONIA', 5, 57),
('353', 'HISPANIA', 5, 58),
('360', 'ITAGUI', 5, 59),
('361', 'ITUANGO', 5, 60),
('364', 'JARDIN', 5, 61),
('368', 'JERICO', 5, 62),
('376', 'LA CEJA', 5, 63),
('380', 'LA ESTRELLA', 5, 64),
('390', 'LA PINTADA', 5, 65),
('400', 'LA UNION', 5, 66),
('411', 'LIBORINA', 5, 67),
('425', 'MACEO', 5, 68),
('440', 'MARINILLA', 5, 69),
('467', 'MONTEBELLO', 5, 70),
('475', 'MURINDO', 5, 71),
('480', 'MUTATA', 5, 72),
('483', 'NARI?O', 5, 73),
('490', 'NECOCLI', 5, 74),
('495', 'NECHI', 5, 75),
('501', 'OLAYA', 5, 76),
('541', 'PE?OL', 5, 77),
('543', 'PEQUE', 5, 78),
('576', 'PUEBLORRICO', 5, 79),
('579', 'PUERTO BERRIO', 5, 80),
('585', 'PUERTO NARE', 5, 81),
('591', 'PUERTO TRIUNFO', 5, 82),
('604', 'REMEDIOS', 5, 83),
('607', 'RETIRO', 5, 84),
('615', 'RIONEGRO', 5, 85),
('628', 'SABANALARGA', 5, 86),
('631', 'SABANETA', 5, 87),
('642', 'SALGAR', 5, 88),
('647', 'SAN ANDRES DE CUERQU', 5, 89),
('649', 'SAN CARLOS', 5, 90),
('652', 'SAN FRANCISCO', 5, 91),
('656', 'SAN JERONIMO', 5, 92),
('658', 'SAN JOSE DE LA MONTA', 5, 93),
('659', 'SAN JUAN DE URABA', 5, 94),
('660', 'SAN LUIS', 5, 95),
('664', 'SAN PEDRO', 5, 96),
('665', 'SAN PEDRO DE URABA', 5, 97),
('667', 'SAN RAFAEL', 5, 98),
('670', 'SAN ROQUE', 5, 99),
('674', 'SAN VICENTE', 5, 100),
('679', 'SANTA BARBARA', 5, 101),
('686', 'SANTA ROSA DE OSOS', 5, 102),
('690', 'SANTO DOMINGO', 5, 103),
('697', 'EL SANTUARIO', 5, 104),
('736', 'SEGOVIA', 5, 105),
('756', 'SONSON', 5, 106),
('761', 'SOPETRAN', 5, 107),
('789', 'TAMESIS', 5, 108),
('790', 'TARAZA', 5, 109),
('792', 'TARSO', 5, 110),
('809', 'TITIRIBI', 5, 111),
('819', 'TOLEDO', 5, 112),
('837', 'TURBO', 5, 113),
('842', 'URAMITA', 5, 114),
('847', 'URRAO', 5, 115),
('854', 'VALDIVIA', 5, 116),
('856', 'VALPARAISO', 5, 117),
('858', 'VEGACHI', 5, 118),
('861', 'VENECIA', 5, 119),
('873', 'VIGIA DEL FUERTE', 5, 120),
('885', 'YALI', 5, 121),
('887', 'YARUMAL', 5, 122),
('890', 'YOLOMBO', 5, 123),
('893', 'YONDO', 5, 124),
('895', 'ZARAGOZA', 5, 125),
('001', 'BARRANQUILLA', 8, 126),
('078', 'BARANOA', 8, 127),
('137', 'CAMPO DE LA CRUZ', 8, 128),
('141', 'CANDELARIA', 8, 129),
('296', 'GALAPA', 8, 130),
('372', 'JUAN DE ACOSTA', 8, 131),
('421', 'LURUACO', 8, 132),
('433', 'MALAMBO', 8, 133),
('436', 'MANATI', 8, 134),
('520', 'PALMAR DE VARELA', 8, 135),
('549', 'PIOJO', 8, 136),
('558', 'POLONUEVO', 8, 137),
('560', 'PONEDERA', 8, 138),
('573', 'PUERTO COLOMBIA', 8, 139),
('606', 'REPELON', 8, 140),
('634', 'SABANAGRANDE', 8, 141),
('638', 'SABANALARGA', 8, 142),
('675', 'SANTA LUCIA', 8, 143),
('685', 'SANTO TOMAS', 8, 144),
('758', 'SOLEDAD', 8, 145),
('770', 'SUAN', 8, 146),
('832', 'TUBARA', 8, 147),
('849', 'USIACURI', 8, 148),
('001', 'BOGOTA', 11, 149),
('001', 'CARTAGENA', 13, 150),
('006', 'ACHI', 13, 151),
('030', 'ALTOS DEL ROSARIO', 13, 152),
('042', 'ARENAL', 13, 153),
('052', 'ARJONA', 13, 154),
('062', 'ARROYOHONDO', 13, 155),
('074', 'BARRANCO DE LOBA', 13, 156),
('140', 'CALAMAR', 13, 157),
('160', 'CANTAGALLO', 13, 158),
('188', 'CICUCO', 13, 159),
('212', 'CORDOBA', 13, 160),
('222', 'CLEMENCIA', 13, 161),
('244', 'EL CARMEN DE BOLIVAR', 13, 162),
('248', 'EL GUAMO', 13, 163),
('268', 'EL PE?ON', 13, 164),
('300', 'HATILLO DE LOBA', 13, 165),
('430', 'MAGANGUE', 13, 166),
('433', 'MAHATES', 13, 167),
('440', 'MARGARITA', 13, 168),
('442', 'MARIA LA BAJA', 13, 169),
('458', 'MONTECRISTO', 13, 170),
('468', 'MOMPOS', 13, 171),
('490', 'NOROSI', 13, 172),
('473', 'MORALES', 13, 173),
('549', 'PINILLOS', 13, 174),
('580', 'REGIDOR', 13, 175),
('600', 'RIO VIEJO', 13, 176),
('620', 'SAN CRISTOBAL', 13, 177),
('647', 'SAN ESTANISLAO', 13, 178),
('650', 'SAN FERNANDO', 13, 179),
('654', 'SAN JACINTO', 13, 180),
('655', 'SAN JACINTO DEL CAUC', 13, 181),
('657', 'SAN JUAN NEPOMUCENO', 13, 182),
('667', 'SAN MARTIN DE LOBA', 13, 183),
('670', 'SAN PABLO', 13, 184),
('673', 'SANTA CATALINA', 13, 185),
('683', 'SANTA ROSA', 13, 186),
('688', 'SANTA ROSA DEL SUR', 13, 187),
('744', 'SIMITI', 13, 188),
('760', 'SOPLAVIENTO', 13, 189),
('780', 'TALAIGUA NUEVO', 13, 190),
('810', 'TIQUISIO', 13, 191),
('836', 'TURBACO', 13, 192),
('838', 'TURBANA', 13, 193),
('873', 'VILLANUEVA', 13, 194),
('894', 'ZAMBRANO', 13, 195),
('001', 'TUNJA', 15, 196),
('022', 'ALMEIDA', 15, 197),
('047', 'AQUITANIA', 15, 198),
('051', 'ARCABUCO', 15, 199),
('087', 'BELEN', 15, 200),
('090', 'BERBEO', 15, 201),
('092', 'BETEITIVA', 15, 202),
('097', 'BOAVITA', 15, 203),
('104', 'BOYACA', 15, 204),
('106', 'BRICE?O', 15, 205),
('109', 'BUENAVISTA', 15, 206),
('114', 'BUSBANZA', 15, 207),
('131', 'CALDAS', 15, 208),
('135', 'CAMPOHERMOSO', 15, 209),
('162', 'CERINZA', 15, 210),
('172', 'CHINAVITA', 15, 211),
('176', 'CHIQUINQUIRA', 15, 212),
('180', 'CHISCAS', 15, 213),
('183', 'CHITA', 15, 214),
('185', 'CHITARAQUE', 15, 215),
('187', 'CHIVATA', 15, 216),
('189', 'CIENEGA', 15, 217),
('204', 'COMBITA', 15, 218),
('212', 'COPER', 15, 219),
('215', 'CORRALES', 15, 220),
('218', 'COVARACHIA', 15, 221),
('223', 'CUBARA', 15, 222),
('224', 'CUCAITA', 15, 223),
('226', 'CUITIVA', 15, 224),
('232', 'CHIQUIZA', 15, 225),
('236', 'CHIVOR', 15, 226),
('238', 'DUITAMA', 15, 227),
('244', 'EL COCUY', 15, 228),
('248', 'EL ESPINO', 15, 229),
('272', 'FIRAVITOBA', 15, 230),
('276', 'FLORESTA', 15, 231),
('293', 'GACHANTIVA', 15, 232),
('296', 'GAMEZA', 15, 233),
('299', 'GARAGOA', 15, 234),
('317', 'GUACAMAYAS', 15, 235),
('322', 'GUATEQUE', 15, 236),
('325', 'GUAYATA', 15, 237),
('332', 'GsICAN', 15, 238),
('362', 'IZA', 15, 239),
('367', 'JENESANO', 15, 240),
('368', 'JERICO', 15, 241),
('377', 'LABRANZAGRANDE', 15, 242),
('380', 'LA CAPILLA', 15, 243),
('401', 'LA VICTORIA', 15, 244),
('403', 'LA UVITA', 15, 245),
('407', 'VILLA DE LEYVA', 15, 246),
('425', 'MACANAL', 15, 247),
('442', 'MARIPI', 15, 248),
('455', 'MIRAFLORES', 15, 249),
('464', 'MONGUA', 15, 250),
('466', 'MONGUI', 15, 251),
('469', 'MONIQUIRA', 15, 252),
('476', 'MOTAVITA', 15, 253),
('480', 'MUZO', 15, 254),
('491', 'NOBSA', 15, 255),
('494', 'NUEVO COLON', 15, 256),
('500', 'OICATA', 15, 257),
('507', 'OTANCHE', 15, 258),
('511', 'PACHAVITA', 15, 259),
('514', 'PAEZ', 15, 260),
('516', 'PAIPA', 15, 261),
('518', 'PAJARITO', 15, 262),
('522', 'PANQUEBA', 15, 263),
('531', 'PAUNA', 15, 264),
('533', 'PAYA', 15, 265),
('537', 'PAZ DE RIO', 15, 266),
('542', 'PESCA', 15, 267),
('550', 'PISBA', 15, 268),
('572', 'PUERTO BOYACA', 15, 269),
('580', 'QUIPAMA', 15, 270),
('599', 'RAMIRIQUI', 15, 271),
('600', 'RAQUIRA', 15, 272),
('621', 'RONDON', 15, 273),
('632', 'SABOYA', 15, 274),
('638', 'SACHICA', 15, 275),
('646', 'SAMACA', 15, 276),
('660', 'SAN EDUARDO', 15, 277),
('664', 'SAN JOSE DE PARE', 15, 278),
('667', 'SAN LUIS DE GACENO', 15, 279),
('673', 'SAN MATEO', 15, 280),
('676', 'SAN MIGUEL DE SEMA', 15, 281),
('681', 'SAN PABLO DE BORBUR', 15, 282),
('686', 'SANTANA', 15, 283),
('690', 'SANTA MARIA', 15, 284),
('693', 'SANTA ROSA DE VITERB', 15, 285),
('696', 'SANTA SOFIA', 15, 286),
('720', 'SATIVANORTE', 15, 287),
('723', 'SATIVASUR', 15, 288),
('740', 'SIACHOQUE', 15, 289),
('753', 'SOATA', 15, 290),
('755', 'SOCOTA', 15, 291),
('757', 'SOCHA', 15, 292),
('759', 'SOGAMOSO', 15, 293),
('761', 'SOMONDOCO', 15, 294),
('762', 'SORA', 15, 295),
('763', 'SOTAQUIRA', 15, 296),
('764', 'SORACA', 15, 297),
('774', 'SUSACON', 15, 298),
('776', 'SUTAMARCHAN', 15, 299),
('778', 'SUTATENZA', 15, 300),
('790', 'TASCO', 15, 301),
('798', 'TENZA', 15, 302),
('804', 'TIBANA', 15, 303),
('806', 'TIBASOSA', 15, 304),
('808', 'TINJACA', 15, 305),
('810', 'TIPACOQUE', 15, 306),
('814', 'TOCA', 15, 307),
('816', 'TOGsI', 15, 308),
('820', 'TOPAGA', 15, 309),
('822', 'TOTA', 15, 310),
('832', 'TUNUNGUA', 15, 311),
('835', 'TURMEQUE', 15, 312),
('837', 'TUTA', 15, 313),
('839', 'TUTAZA', 15, 314),
('842', 'UMBITA', 15, 315),
('861', 'VENTAQUEMADA', 15, 316),
('879', 'VIRACACHA', 15, 317),
('897', 'ZETAQUIRA', 15, 318),
('001', 'MANIZALES', 17, 319),
('013', 'AGUADAS', 17, 320),
('042', 'ANSERMA', 17, 321),
('050', 'ARANZAZU', 17, 322),
('088', 'BELALCAZAR', 17, 323),
('174', 'CHINCHINA', 17, 324),
('272', 'FILADELFIA', 17, 325),
('380', 'LA DORADA', 17, 326),
('388', 'LA MERCED', 17, 327),
('433', 'MANZANARES', 17, 328),
('442', 'MARMATO', 17, 329),
('444', 'MARQUETALIA', 17, 330),
('446', 'MARULANDA', 17, 331),
('486', 'NEIRA', 17, 332),
('495', 'NORCASIA', 17, 333),
('513', 'PACORA', 17, 334),
('524', 'PALESTINA', 17, 335),
('541', 'PENSILVANIA', 17, 336),
('614', 'RIOSUCIO', 17, 337),
('616', 'RISARALDA', 17, 338),
('653', 'SALAMINA', 17, 339),
('662', 'SAMANA', 17, 340),
('665', 'SAN JOSE', 17, 341),
('777', 'SUPIA', 17, 342),
('867', 'VICTORIA', 17, 343),
('873', 'VILLAMARIA', 17, 344),
('877', 'VITERBO', 17, 345),
('001', 'FLORENCIA', 18, 346),
('029', 'ALBANIA', 18, 347),
('094', 'BELEN DE LOS ANDAQUI', 18, 348),
('150', 'CARTAGENA DEL CHAIRA', 18, 349),
('205', 'CURILLO', 18, 350),
('247', 'EL DONCELLO', 18, 351),
('256', 'EL PAUJIL', 18, 352),
('410', 'LA MONTA?ITA', 18, 353),
('460', 'MILAN', 18, 354),
('479', 'MORELIA', 18, 355),
('592', 'PUERTO RICO', 18, 356),
('610', 'SAN JOSE DEL FRAGUA', 18, 357),
('753', 'SAN VICENTE DEL CAGU', 18, 358),
('756', 'SOLANO', 18, 359),
('785', 'SOLITA', 18, 360),
('860', 'VALPARAISO', 18, 361),
('001', 'POPAYAN', 19, 362),
('022', 'ALMAGUER', 19, 363),
('050', 'ARGELIA', 19, 364),
('075', 'BALBOA', 19, 365),
('100', 'BOLIVAR', 19, 366),
('110', 'BUENOS AIRES', 19, 367),
('130', 'CAJIBIO', 19, 368),
('137', 'CALDONO', 19, 369),
('142', 'CALOTO', 19, 370),
('212', 'CORINTO', 19, 371),
('256', 'EL TAMBO', 19, 372),
('290', 'FLORENCIA', 19, 373),
('300', 'GUACHENE', 19, 374),
('318', 'GUAPI', 19, 375),
('355', 'INZA', 19, 376),
('364', 'JAMBALO', 19, 377),
('392', 'LA SIERRA', 19, 378),
('397', 'LA VEGA', 19, 379),
('418', 'LOPEZ', 19, 380),
('450', 'MERCADERES', 19, 381),
('455', 'MIRANDA', 19, 382),
('473', 'MORALES', 19, 383),
('513', 'PADILLA', 19, 384),
('517', 'PAEZ', 19, 385),
('532', 'PATIA', 19, 386),
('533', 'PIAMONTE', 19, 387),
('548', 'PIENDAMO', 19, 388),
('573', 'PUERTO TEJADA', 19, 389),
('585', 'PURACE', 19, 390),
('622', 'ROSAS', 19, 391),
('693', 'SAN SEBASTIAN', 19, 392),
('698', 'SANTANDER DE QUILICH', 19, 393),
('701', 'SANTA ROSA', 19, 394),
('743', 'SILVIA', 19, 395),
('760', 'SOTARA', 19, 396),
('780', 'SUAREZ', 19, 397),
('785', 'SUCRE', 19, 398),
('807', 'TIMBIO', 19, 399),
('809', 'TIMBIQUI', 19, 400),
('821', 'TORIBIO', 19, 401),
('824', 'TOTORO', 19, 402),
('845', 'VILLA RICA', 19, 403),
('001', 'VALLEDUPAR', 20, 404),
('011', 'AGUACHICA', 20, 405),
('013', 'AGUSTIN CODAZZI', 20, 406),
('032', 'ASTREA', 20, 407),
('045', 'BECERRIL', 20, 408),
('060', 'BOSCONIA', 20, 409),
('175', 'CHIMICHAGUA', 20, 410),
('178', 'CHIRIGUANA', 20, 411),
('228', 'CURUMANI', 20, 412),
('238', 'EL COPEY', 20, 413),
('250', 'EL PASO', 20, 414),
('295', 'GAMARRA', 20, 415),
('310', 'GONZALEZ', 20, 416),
('383', 'LA GLORIA', 20, 417),
('400', 'LA JAGUA DE IBIRICO', 20, 418),
('443', 'MANAURE', 20, 419),
('517', 'PAILITAS', 20, 420),
('550', 'PELAYA', 20, 421),
('570', 'PUEBLO BELLO', 20, 422),
('614', 'RIO DE ORO', 20, 423),
('621', 'LA PAZ', 20, 424),
('710', 'SAN ALBERTO', 20, 425),
('750', 'SAN DIEGO', 20, 426),
('770', 'SAN MARTIN', 20, 427),
('787', 'TAMALAMEQUE', 20, 428),
('001', 'MONTERIA', 23, 429),
('068', 'AYAPEL', 23, 430),
('079', 'BUENAVISTA', 23, 431),
('090', 'CANALETE', 23, 432),
('162', 'CERETE', 23, 433),
('168', 'CHIMA', 23, 434),
('182', 'CHINU', 23, 435),
('189', 'CIENAGA DE ORO', 23, 436),
('300', 'COTORRA', 23, 437),
('350', 'LA APARTADA', 23, 438),
('417', 'LORICA', 23, 439),
('419', 'LOS CORDOBAS', 23, 440),
('464', 'MOMIL', 23, 441),
('466', 'MONTELIBANO', 23, 442),
('500', 'MO?ITOS', 23, 443),
('555', 'PLANETA RICA', 23, 444),
('570', 'PUEBLO NUEVO', 23, 445),
('574', 'PUERTO ESCONDIDO', 23, 446),
('580', 'PUERTO LIBERTADOR', 23, 447),
('586', 'PURISIMA', 23, 448),
('660', 'SAHAGUN', 23, 449),
('670', 'SAN ANDRES SOTAVENTO', 23, 450),
('672', 'SAN ANTERO', 23, 451),
('675', 'SAN BERNARDO DEL VIE', 23, 452),
('678', 'SAN CARLOS', 23, 453),
('686', 'SAN PELAYO', 23, 454),
('807', 'TIERRALTA', 23, 455),
('855', 'VALENCIA', 23, 456),
('001', 'AGUA DE DIOS', 25, 457),
('019', 'ALBAN', 25, 458),
('035', 'ANAPOIMA', 25, 459),
('040', 'ANOLAIMA', 25, 460),
('053', 'ARBELAEZ', 25, 461),
('086', 'BELTRAN', 25, 462),
('095', 'BITUIMA', 25, 463),
('099', 'BOJACA', 25, 464),
('120', 'CABRERA', 25, 465),
('123', 'CACHIPAY', 25, 466),
('126', 'CAJICA', 25, 467),
('148', 'CAPARRAPI', 25, 468),
('151', 'CAQUEZA', 25, 469),
('154', 'CARMEN DE CARUPA', 25, 470),
('168', 'CHAGUANI', 25, 471),
('175', 'CHIA', 25, 472),
('178', 'CHIPAQUE', 25, 473),
('181', 'CHOACHI', 25, 474),
('183', 'CHOCONTA', 25, 475),
('200', 'COGUA', 25, 476),
('214', 'COTA', 25, 477),
('224', 'CUCUNUBA', 25, 478),
('245', 'EL COLEGIO', 25, 479),
('258', 'EL PE?ON', 25, 480),
('260', 'EL ROSAL', 25, 481),
('269', 'FACATATIVA', 25, 482),
('279', 'FOMEQUE', 25, 483),
('281', 'FOSCA', 25, 484),
('286', 'FUNZA', 25, 485),
('288', 'FUQUENE', 25, 486),
('290', 'FUSAGASUGA', 25, 487),
('293', 'GACHALA', 25, 488),
('295', 'GACHANCIPA', 25, 489),
('297', 'GACHETA', 25, 490),
('299', 'GAMA', 25, 491),
('307', 'GIRARDOT', 25, 492),
('312', 'GRANADA', 25, 493),
('317', 'GUACHETA', 25, 494),
('320', 'GUADUAS', 25, 495),
('322', 'GUASCA', 25, 496),
('324', 'GUATAQUI', 25, 497),
('326', 'GUATAVITA', 25, 498),
('328', 'GUAYABAL DE SIQUIMA', 25, 499),
('335', 'GUAYABETAL', 25, 500),
('339', 'GUTIERREZ', 25, 501),
('368', 'JERUSALEN', 25, 502),
('372', 'JUNIN', 25, 503),
('377', 'LA CALERA', 25, 504),
('386', 'LA MESA', 25, 505),
('394', 'LA PALMA', 25, 506),
('398', 'LA PE?A', 25, 507),
('402', 'LA VEGA', 25, 508),
('407', 'LENGUAZAQUE', 25, 509),
('426', 'MACHETA', 25, 510),
('430', 'MADRID', 25, 511),
('436', 'MANTA', 25, 512),
('438', 'MEDINA', 25, 513),
('473', 'MOSQUERA', 25, 514),
('483', 'NARI?O', 25, 515),
('486', 'NEMOCON', 25, 516),
('488', 'NILO', 25, 517),
('489', 'NIMAIMA', 25, 518),
('491', 'NOCAIMA', 25, 519),
('506', 'VENECIA', 25, 520),
('513', 'PACHO', 25, 521),
('518', 'PAIME', 25, 522),
('524', 'PANDI', 25, 523),
('530', 'PARATEBUENO', 25, 524),
('535', 'PASCA', 25, 525),
('572', 'PUERTO SALGAR', 25, 526),
('580', 'PULI', 25, 527),
('592', 'QUEBRADANEGRA', 25, 528),
('594', 'QUETAME', 25, 529),
('596', 'QUIPILE', 25, 530),
('599', 'APULO', 25, 531),
('612', 'RICAURTE', 25, 532),
('645', 'SAN ANTONIO DEL TEQU', 25, 533),
('649', 'SAN BERNARDO', 25, 534),
('653', 'SAN CAYETANO', 25, 535),
('658', 'SAN FRANCISCO', 25, 536),
('662', 'SAN JUAN DE RIO SECO', 25, 537),
('718', 'SASAIMA', 25, 538),
('736', 'SESQUILE', 25, 539),
('740', 'SIBATE', 25, 540),
('743', 'SILVANIA', 25, 541),
('745', 'SIMIJACA', 25, 542),
('754', 'SOACHA', 25, 543),
('758', 'SOPO', 25, 544),
('769', 'SUBACHOQUE', 25, 545),
('772', 'SUESCA', 25, 546),
('777', 'SUPATA', 25, 547),
('779', 'SUSA', 25, 548),
('781', 'SUTATAUSA', 25, 549),
('785', 'TABIO', 25, 550),
('793', 'TAUSA', 25, 551),
('797', 'TENA', 25, 552),
('799', 'TENJO', 25, 553),
('805', 'TIBACUY', 25, 554),
('807', 'TIBIRITA', 25, 555),
('815', 'TOCAIMA', 25, 556),
('817', 'TOCANCIPA', 25, 557),
('823', 'TOPAIPI', 25, 558),
('839', 'UBALA', 25, 559),
('841', 'UBAQUE', 25, 560),
('843', 'VILLA DE SAN DIEGO D', 25, 561),
('845', 'UNE', 25, 562),
('851', 'UTICA', 25, 563),
('862', 'VERGARA', 25, 564),
('867', 'VIANI', 25, 565),
('871', 'VILLAGOMEZ', 25, 566),
('873', 'VILLAPINZON', 25, 567),
('875', 'VILLETA', 25, 568),
('878', 'VIOTA', 25, 569),
('885', 'YACOPI', 25, 570),
('898', 'ZIPACON', 25, 571),
('899', 'ZIPAQUIRA', 25, 572),
('001', 'QUIBDO', 27, 573),
('006', 'ACANDI', 27, 574),
('025', 'ALTO BAUDO', 27, 575),
('050', 'ATRATO', 27, 576),
('073', 'BAGADO', 27, 577),
('075', 'BAHIA SOLANO', 27, 578),
('077', 'BAJO BAUDO', 27, 579),
('099', 'BOJAYA', 27, 580),
('135', 'EL CANTON DEL SAN PA', 27, 581),
('150', 'CARMEN DEL DARIEN', 27, 582),
('160', 'CERTEGUI', 27, 583),
('205', 'CONDOTO', 27, 584),
('245', 'EL CARMEN DE ATRATO', 27, 585),
('250', 'EL LITORAL DEL SAN J', 27, 586),
('361', 'ISTMINA', 27, 587),
('372', 'JURADO', 27, 588),
('413', 'LLORO', 27, 589),
('425', 'MEDIO ATRATO', 27, 590),
('430', 'MEDIO BAUDO', 27, 591),
('450', 'MEDIO SAN JUAN', 27, 592),
('491', 'NOVITA', 27, 593),
('495', 'NUQUI', 27, 594),
('580', 'RIO IRO', 27, 595),
('600', 'RIO QUITO', 27, 596),
('615', 'RIOSUCIO', 27, 597),
('660', 'SAN JOSE DEL PALMAR', 27, 598),
('745', 'SIPI', 27, 599),
('787', 'TADO', 27, 600),
('800', 'UNGUIA', 27, 601),
('810', 'UNION PANAMERICANA', 27, 602),
('001', 'NEIVA', 41, 603),
('006', 'ACEVEDO', 41, 604),
('013', 'AGRADO', 41, 605),
('016', 'AIPE', 41, 606),
('020', 'ALGECIRAS', 41, 607),
('026', 'ALTAMIRA', 41, 608),
('078', 'BARAYA', 41, 609),
('132', 'CAMPOALEGRE', 41, 610),
('206', 'COLOMBIA', 41, 611),
('244', 'ELIAS', 41, 612),
('298', 'GARZON', 41, 613),
('306', 'GIGANTE', 41, 614),
('319', 'GUADALUPE', 41, 615),
('349', 'HOBO', 41, 616),
('357', 'IQUIRA', 41, 617),
('359', 'ISNOS', 41, 618),
('378', 'LA ARGENTINA', 41, 619),
('396', 'LA PLATA', 41, 620),
('483', 'NATAGA', 41, 621),
('503', 'OPORAPA', 41, 622),
('518', 'PAICOL', 41, 623),
('524', 'PALERMO', 41, 624),
('530', 'PALESTINA', 41, 625),
('548', 'PITAL', 41, 626),
('551', 'PITALITO', 41, 627),
('615', 'RIVERA', 41, 628),
('660', 'SALADOBLANCO', 41, 629),
('668', 'SAN AGUSTIN', 41, 630),
('676', 'SANTA MARIA', 41, 631),
('770', 'SUAZA', 41, 632),
('791', 'TARQUI', 41, 633),
('797', 'TESALIA', 41, 634),
('799', 'TELLO', 41, 635),
('801', 'TERUEL', 41, 636),
('807', 'TIMANA', 41, 637),
('872', 'VILLAVIEJA', 41, 638),
('885', 'YAGUARA', 41, 639),
('001', 'RIOHACHA', 44, 640),
('035', 'ALBANIA', 44, 641),
('078', 'BARRANCAS', 44, 642),
('090', 'DIBULLA', 44, 643),
('098', 'DISTRACCION', 44, 644),
('110', 'EL MOLINO', 44, 645),
('279', 'FONSECA', 44, 646),
('378', 'HATONUEVO', 44, 647),
('420', 'LA JAGUA DEL PILAR', 44, 648),
('430', 'MAICAO', 44, 649),
('560', 'MANAURE', 44, 650),
('650', 'SAN JUAN DEL CESAR', 44, 651),
('847', 'URIBIA', 44, 652),
('855', 'URUMITA', 44, 653),
('874', 'VILLANUEVA', 44, 654),
('001', 'SANTA MARTA', 47, 655),
('030', 'ALGARROBO', 47, 656),
('053', 'ARACATACA', 47, 657),
('058', 'ARIGUANI', 47, 658),
('161', 'CERRO SAN ANTONIO', 47, 659),
('170', 'CHIBOLO', 47, 660),
('189', 'CIENAGA', 47, 661),
('205', 'CONCORDIA', 47, 662),
('245', 'EL BANCO', 47, 663),
('258', 'EL PI?ON', 47, 664),
('268', 'EL RETEN', 47, 665),
('288', 'FUNDACION', 47, 666),
('318', 'GUAMAL', 47, 667),
('460', 'NUEVA GRANADA', 47, 668),
('541', 'PEDRAZA', 47, 669),
('545', 'PIJI?O DEL CARMEN', 47, 670),
('551', 'PIVIJAY', 47, 671),
('555', 'PLATO', 47, 672),
('570', 'PUEBLOVIEJO', 47, 673),
('605', 'REMOLINO', 47, 674),
('660', 'SABANAS DE SAN ANGEL', 47, 675),
('675', 'SALAMINA', 47, 676),
('692', 'SAN SEBASTIAN DE BUE', 47, 677),
('703', 'SAN ZENON', 47, 678),
('707', 'SANTA ANA', 47, 679),
('720', 'SANTA BARBARA DE PIN', 47, 680),
('745', 'SITIONUEVO', 47, 681),
('798', 'TENERIFE', 47, 682),
('960', 'ZAPAYAN', 47, 683),
('980', 'ZONA BANANERA', 47, 684),
('001', 'VILLAVICENCIO', 50, 685),
('006', 'ACACIAS', 50, 686),
('110', 'BARRANCA DE UPIA', 50, 687),
('124', 'CABUYARO', 50, 688),
('150', 'CASTILLA LA NUEVA', 50, 689),
('223', 'CUBARRAL', 50, 690),
('226', 'CUMARAL', 50, 691),
('245', 'EL CALVARIO', 50, 692),
('251', 'EL CASTILLO', 50, 693),
('270', 'EL DORADO', 50, 694),
('287', 'FUENTE DE ORO', 50, 695),
('313', 'GRANADA', 50, 696),
('318', 'GUAMAL', 50, 697),
('325', 'MAPIRIPAN', 50, 698),
('330', 'MESETAS', 50, 699),
('350', 'LA MACARENA', 50, 700),
('370', 'URIBE', 50, 701),
('400', 'LEJANIAS', 50, 702),
('450', 'PUERTO CONCORDIA', 50, 703),
('568', 'PUERTO GAITAN', 50, 704),
('573', 'PUERTO LOPEZ', 50, 705),
('577', 'PUERTO LLERAS', 50, 706),
('590', 'PUERTO RICO', 50, 707),
('606', 'RESTREPO', 50, 708),
('680', 'SAN CARLOS DE GUAROA', 50, 709),
('683', 'SAN JUAN DE ARAMA', 50, 710),
('686', 'SAN JUANITO', 50, 711),
('689', 'SAN MARTIN', 50, 712),
('711', 'VISTAHERMOSA', 50, 713),
('001', 'PASTO', 52, 714),
('019', 'ALBAN', 52, 715),
('022', 'ALDANA', 52, 716),
('036', 'ANCUYA', 52, 717),
('051', 'ARBOLEDA', 52, 718),
('079', 'BARBACOAS', 52, 719),
('083', 'BELEN', 52, 720),
('110', 'BUESACO', 52, 721),
('203', 'COLON', 52, 722),
('207', 'CONSACA', 52, 723),
('210', 'CONTADERO', 52, 724),
('215', 'CORDOBA', 52, 725),
('224', 'CUASPUD', 52, 726),
('227', 'CUMBAL', 52, 727),
('233', 'CUMBITARA', 52, 728),
('240', 'CHACHAGsI', 52, 729),
('250', 'EL CHARCO', 52, 730),
('254', 'EL PE?OL', 52, 731),
('256', 'EL ROSARIO', 52, 732),
('258', 'EL TABLON DE GOMEZ', 52, 733),
('260', 'EL TAMBO', 52, 734),
('287', 'FUNES', 52, 735),
('317', 'GUACHUCAL', 52, 736),
('320', 'GUAITARILLA', 52, 737),
('323', 'GUALMATAN', 52, 738),
('352', 'ILES', 52, 739),
('354', 'IMUES', 52, 740),
('356', 'IPIALES', 52, 741),
('378', 'LA CRUZ', 52, 742),
('381', 'LA FLORIDA', 52, 743),
('385', 'LA LLANADA', 52, 744),
('390', 'LA TOLA', 52, 745),
('399', 'LA UNION', 52, 746),
('405', 'LEIVA', 52, 747),
('411', 'LINARES', 52, 748),
('418', 'LOS ANDES', 52, 749),
('427', 'MAGsI', 52, 750),
('435', 'MALLAMA', 52, 751),
('473', 'MOSQUERA', 52, 752),
('480', 'NARI?O', 52, 753),
('490', 'OLAYA HERRERA', 52, 754),
('506', 'OSPINA', 52, 755),
('520', 'FRANCISCO PIZARRO', 52, 756),
('540', 'POLICARPA', 52, 757),
('560', 'POTOSI', 52, 758),
('565', 'PROVIDENCIA', 52, 759),
('573', 'PUERRES', 52, 760),
('585', 'PUPIALES', 52, 761),
('612', 'RICAURTE', 52, 762),
('621', 'ROBERTO PAYAN', 52, 763),
('678', 'SAMANIEGO', 52, 764),
('683', 'SANDONA', 52, 765),
('685', 'SAN BERNARDO', 52, 766),
('687', 'SAN LORENZO', 52, 767),
('693', 'SAN PABLO', 52, 768),
('694', 'SAN PEDRO DE CARTAGO', 52, 769),
('696', 'SANTA BARBARA', 52, 770),
('699', 'SANTACRUZ', 52, 771),
('720', 'SAPUYES', 52, 772),
('786', 'TAMINANGO', 52, 773),
('788', 'TANGUA', 52, 774),
('835', 'SAN ANDRES DE TUMACO', 52, 775),
('838', 'TUQUERRES', 52, 776),
('885', 'YACUANQUER', 52, 777),
('001', 'CUCUTA', 54, 778),
('003', 'ABREGO', 54, 779),
('051', 'ARBOLEDAS', 54, 780),
('099', 'BOCHALEMA', 54, 781),
('109', 'BUCARASICA', 54, 782),
('125', 'CACOTA', 54, 783),
('128', 'CACHIRA', 54, 784),
('172', 'CHINACOTA', 54, 785),
('174', 'CHITAGA', 54, 786),
('206', 'CONVENCION', 54, 787),
('223', 'CUCUTILLA', 54, 788),
('239', 'DURANIA', 54, 789),
('245', 'EL CARMEN', 54, 790),
('250', 'EL TARRA', 54, 791),
('261', 'EL ZULIA', 54, 792),
('313', 'GRAMALOTE', 54, 793),
('344', 'HACARI', 54, 794),
('347', 'HERRAN', 54, 795),
('377', 'LABATECA', 54, 796),
('385', 'LA ESPERANZA', 54, 797),
('398', 'LA PLAYA', 54, 798),
('405', 'LOS PATIOS', 54, 799),
('418', 'LOURDES', 54, 800),
('480', 'MUTISCUA', 54, 801),
('498', 'OCA?A', 54, 802),
('518', 'PAMPLONA', 54, 803),
('520', 'PAMPLONITA', 54, 804),
('553', 'PUERTO SANTANDER', 54, 805),
('599', 'RAGONVALIA', 54, 806),
('660', 'SALAZAR', 54, 807),
('670', 'SAN CALIXTO', 54, 808),
('673', 'SAN CAYETANO', 54, 809),
('680', 'SANTIAGO', 54, 810),
('720', 'SARDINATA', 54, 811),
('743', 'SILOS', 54, 812),
('800', 'TEORAMA', 54, 813),
('810', 'TIBU', 54, 814),
('820', 'TOLEDO', 54, 815),
('871', 'VILLA CARO', 54, 816),
('874', 'VILLA DEL ROSARIO', 54, 817),
('001', 'ARMENIA', 63, 818),
('111', 'BUENAVISTA', 63, 819),
('130', 'CALARCA', 63, 820),
('190', 'CIRCASIA', 63, 821),
('212', 'CORDOBA', 63, 822),
('272', 'FILANDIA', 63, 823),
('302', 'GENOVA', 63, 824),
('401', 'LA TEBAIDA', 63, 825),
('470', 'MONTENEGRO', 63, 826),
('548', 'PIJAO', 63, 827),
('594', 'QUIMBAYA', 63, 828),
('690', 'SALENTO', 63, 829),
('001', 'PEREIRA', 66, 830),
('045', 'APIA', 66, 831),
('075', 'BALBOA', 66, 832),
('088', 'BELEN DE UMBRIA', 66, 833),
('170', 'DOSQUEBRADAS', 66, 834),
('318', 'GUATICA', 66, 835),
('383', 'LA CELIA', 66, 836),
('400', 'LA VIRGINIA', 66, 837),
('440', 'MARSELLA', 66, 838),
('456', 'MISTRATO', 66, 839),
('572', 'PUEBLO RICO', 66, 840),
('594', 'QUINCHIA', 66, 841),
('682', 'SANTA ROSA DE CABAL', 66, 842),
('687', 'SANTUARIO', 66, 843),
('001', 'BUCARAMANGA', 68, 844),
('013', 'AGUADA', 68, 845),
('020', 'ALBANIA', 68, 846),
('051', 'ARATOCA', 68, 847),
('077', 'BARBOSA', 68, 848),
('079', 'BARICHARA', 68, 849),
('081', 'BARRANCABERMEJA', 68, 850),
('092', 'BETULIA', 68, 851),
('101', 'BOLIVAR', 68, 852),
('121', 'CABRERA', 68, 853),
('132', 'CALIFORNIA', 68, 854),
('147', 'CAPITANEJO', 68, 855),
('152', 'CARCASI', 68, 856),
('160', 'CEPITA', 68, 857),
('162', 'CERRITO', 68, 858),
('167', 'CHARALA', 68, 859),
('169', 'CHARTA', 68, 860),
('176', 'CHIMA', 68, 861),
('179', 'CHIPATA', 68, 862),
('190', 'CIMITARRA', 68, 863),
('207', 'CONCEPCION', 68, 864),
('209', 'CONFINES', 68, 865),
('211', 'CONTRATACION', 68, 866),
('217', 'COROMORO', 68, 867),
('229', 'CURITI', 68, 868),
('235', 'EL CARMEN DE CHUCURI', 68, 869),
('245', 'EL GUACAMAYO', 68, 870),
('250', 'EL PE?ON', 68, 871),
('255', 'EL PLAYON', 68, 872),
('264', 'ENCINO', 68, 873),
('266', 'ENCISO', 68, 874),
('271', 'FLORIAN', 68, 875),
('276', 'FLORIDABLANCA', 68, 876),
('296', 'GALAN', 68, 877),
('298', 'GAMBITA', 68, 878),
('307', 'GIRON', 68, 879),
('318', 'GUACA', 68, 880),
('320', 'GUADALUPE', 68, 881),
('322', 'GUAPOTA', 68, 882),
('324', 'GUAVATA', 68, 883),
('327', 'GsEPSA', 68, 884),
('344', 'HATO', 68, 885),
('368', 'JESUS MARIA', 68, 886),
('370', 'JORDAN', 68, 887),
('377', 'LA BELLEZA', 68, 888),
('385', 'LANDAZURI', 68, 889),
('397', 'LA PAZ', 68, 890),
('406', 'LEBRIJA', 68, 891),
('418', 'LOS SANTOS', 68, 892),
('425', 'MACARAVITA', 68, 893),
('432', 'MALAGA', 68, 894),
('444', 'MATANZA', 68, 895),
('464', 'MOGOTES', 68, 896),
('468', 'MOLAGAVITA', 68, 897),
('498', 'OCAMONTE', 68, 898),
('500', 'OIBA', 68, 899),
('502', 'ONZAGA', 68, 900),
('522', 'PALMAR', 68, 901),
('524', 'PALMAS DEL SOCORRO', 68, 902),
('533', 'PARAMO', 68, 903),
('547', 'PIEDECUESTA', 68, 904),
('549', 'PINCHOTE', 68, 905),
('572', 'PUENTE NACIONAL', 68, 906),
('573', 'PUERTO PARRA', 68, 907),
('575', 'PUERTO WILCHES', 68, 908),
('615', 'RIONEGRO', 68, 909),
('655', 'SABANA DE TORRES', 68, 910),
('669', 'SAN ANDRES', 68, 911),
('673', 'SAN BENITO', 68, 912),
('679', 'SAN GIL', 68, 913),
('682', 'SAN JOAQUIN', 68, 914),
('684', 'SAN JOSE DE MIRANDA', 68, 915),
('686', 'SAN MIGUEL', 68, 916),
('689', 'SAN VICENTE DE CHUCU', 68, 917),
('705', 'SANTA BARBARA', 68, 918),
('720', 'SANTA HELENA DEL OPO', 68, 919),
('745', 'SIMACOTA', 68, 920),
('755', 'SOCORRO', 68, 921),
('770', 'SUAITA', 68, 922),
('773', 'SUCRE', 68, 923),
('780', 'SURATA', 68, 924),
('820', 'TONA', 68, 925),
('855', 'VALLE DE SAN JOSE', 68, 926),
('861', 'VELEZ', 68, 927),
('867', 'VETAS', 68, 928),
('872', 'VILLANUEVA', 68, 929),
('895', 'ZAPATOCA', 68, 930),
('001', 'SINCELEJO', 70, 931),
('110', 'BUENAVISTA', 70, 932),
('124', 'CAIMITO', 70, 933),
('204', 'COLOSO', 70, 934),
('215', 'COROZAL', 70, 935),
('221', 'COVE?AS', 70, 936),
('230', 'CHALAN', 70, 937),
('233', 'EL ROBLE', 70, 938),
('235', 'GALERAS', 70, 939),
('265', 'GUARANDA', 70, 940),
('400', 'LA UNION', 70, 941),
('418', 'LOS PALMITOS', 70, 942),
('429', 'MAJAGUAL', 70, 943),
('473', 'MORROA', 70, 944),
('508', 'OVEJAS', 70, 945),
('523', 'PALMITO', 70, 946),
('670', 'SAMPUES', 70, 947),
('678', 'SAN BENITO ABAD', 70, 948),
('702', 'SAN JUAN DE BETULIA', 70, 949),
('708', 'SAN MARCOS', 70, 950),
('713', 'SAN ONOFRE', 70, 951),
('717', 'SAN PEDRO', 70, 952),
('742', 'SAN LUIS DE SINCE', 70, 953),
('771', 'SUCRE', 70, 954),
('820', 'SANTIAGO DE TOLU', 70, 955),
('823', 'TOLU VIEJO', 70, 956),
('001', 'IBAGUE', 73, 957),
('024', 'ALPUJARRA', 73, 958),
('026', 'ALVARADO', 73, 959),
('030', 'AMBALEMA', 73, 960),
('043', 'ANZOATEGUI', 73, 961),
('055', 'ARMERO', 73, 962),
('067', 'ATACO', 73, 963),
('124', 'CAJAMARCA', 73, 964),
('148', 'CARMEN DE APICALA', 73, 965),
('152', 'CASABIANCA', 73, 966),
('168', 'CHAPARRAL', 73, 967),
('200', 'COELLO', 73, 968),
('217', 'COYAIMA', 73, 969),
('226', 'CUNDAY', 73, 970),
('236', 'DOLORES', 73, 971),
('268', 'ESPINAL', 73, 972),
('270', 'FALAN', 73, 973),
('275', 'FLANDES', 73, 974),
('283', 'FRESNO', 73, 975),
('319', 'GUAMO', 73, 976),
('347', 'HERVEO', 73, 977),
('349', 'HONDA', 73, 978),
('352', 'ICONONZO', 73, 979),
('408', 'LERIDA', 73, 980),
('411', 'LIBANO', 73, 981),
('443', 'MARIQUITA', 73, 982),
('449', 'MELGAR', 73, 983),
('461', 'MURILLO', 73, 984),
('483', 'NATAGAIMA', 73, 985),
('504', 'ORTEGA', 73, 986),
('520', 'PALOCABILDO', 73, 987),
('547', 'PIEDRAS', 73, 988),
('555', 'PLANADAS', 73, 989),
('563', 'PRADO', 73, 990),
('585', 'PURIFICACION', 73, 991),
('616', 'RIOBLANCO', 73, 992),
('622', 'RONCESVALLES', 73, 993),
('624', 'ROVIRA', 73, 994),
('671', 'SALDA?A', 73, 995),
('675', 'SAN ANTONIO', 73, 996),
('678', 'SAN LUIS', 73, 997),
('686', 'SANTA ISABEL', 73, 998),
('770', 'SUAREZ', 73, 999),
('854', 'VALLE DE SAN JUAN', 73, 1000),
('861', 'VENADILLO', 73, 1001),
('870', 'VILLAHERMOSA', 73, 1002),
('873', 'VILLARRICA', 73, 1003),
('001', 'CALI', 76, 1004),
('020', 'ALCALA', 76, 1005),
('036', 'ANDALUCIA', 76, 1006),
('041', 'ANSERMANUEVO', 76, 1007),
('054', 'ARGELIA', 76, 1008),
('100', 'BOLIVAR', 76, 1009),
('109', 'BUENAVENTURA', 76, 1010),
('111', 'GUADALAJARA DE BUGA', 76, 1011),
('113', 'BUGALAGRANDE', 76, 1012),
('122', 'CAICEDONIA', 76, 1013),
('126', 'CALIMA', 76, 1014),
('130', 'CANDELARIA', 76, 1015),
('147', 'CARTAGO', 76, 1016),
('233', 'DAGUA', 76, 1017),
('243', 'EL AGUILA', 76, 1018),
('246', 'EL CAIRO', 76, 1019),
('248', 'EL CERRITO', 76, 1020),
('250', 'EL DOVIO', 76, 1021),
('275', 'FLORIDA', 76, 1022),
('306', 'GINEBRA', 76, 1023),
('318', 'GUACARI', 76, 1024),
('364', 'JAMUNDI', 76, 1025),
('377', 'LA CUMBRE', 76, 1026),
('400', 'LA UNION', 76, 1027),
('403', 'LA VICTORIA', 76, 1028),
('497', 'OBANDO', 76, 1029),
('520', 'PALMIRA', 76, 1030),
('563', 'PRADERA', 76, 1031),
('606', 'RESTREPO', 76, 1032),
('616', 'RIOFRIO', 76, 1033),
('622', 'ROLDANILLO', 76, 1034),
('670', 'SAN PEDRO', 76, 1035),
('736', 'SEVILLA', 76, 1036),
('823', 'TORO', 76, 1037),
('828', 'TRUJILLO', 76, 1038),
('834', 'TULUA', 76, 1039),
('845', 'ULLOA', 76, 1040),
('863', 'VERSALLES', 76, 1041),
('869', 'VIJES', 76, 1042),
('890', 'YOTOCO', 76, 1043),
('892', 'YUMBO', 76, 1044),
('895', 'ZARZAL', 76, 1045),
('001', 'ARAUCA', 81, 1046),
('065', 'ARAUQUITA', 81, 1047),
('220', 'CRAVO NORTE', 81, 1048),
('300', 'FORTUL', 81, 1049),
('591', 'PUERTO RONDON', 81, 1050),
('736', 'SARAVENA', 81, 1051),
('794', 'TAME', 81, 1052),
('001', 'YOPAL', 85, 1053),
('010', 'AGUAZUL', 85, 1054),
('015', 'CHAMEZA', 85, 1055),
('125', 'HATO COROZAL', 85, 1056),
('136', 'LA SALINA', 85, 1057),
('139', 'MANI', 85, 1058),
('162', 'MONTERREY', 85, 1059),
('225', 'NUNCHIA', 85, 1060),
('230', 'OROCUE', 85, 1061),
('250', 'PAZ DE ARIPORO', 85, 1062),
('263', 'PORE', 85, 1063),
('279', 'RECETOR', 85, 1064),
('300', 'SABANALARGA', 85, 1065),
('315', 'SACAMA', 85, 1066),
('325', 'SAN LUIS DE PALENQUE', 85, 1067),
('400', 'TAMARA', 85, 1068),
('410', 'TAURAMENA', 85, 1069),
('430', 'TRINIDAD', 85, 1070),
('440', 'VILLANUEVA', 85, 1071),
('001', 'MOCOA', 86, 1072),
('219', 'COLON', 86, 1073),
('320', 'ORITO', 86, 1074),
('568', 'PUERTO ASIS', 86, 1075),
('569', 'PUERTO CAICEDO', 86, 1076),
('571', 'PUERTO GUZMAN', 86, 1077),
('573', 'LEGUIZAMO', 86, 1078),
('749', 'SIBUNDOY', 86, 1079),
('755', 'SAN FRANCISCO', 86, 1080),
('757', 'SAN MIGUEL', 86, 1081),
('760', 'SANTIAGO', 86, 1082),
('865', 'VALLE DEL GUAMUEZ', 86, 1083),
('885', 'VILLAGARZON', 86, 1084),
('001', 'SAN ANDRES', 88, 1085),
('564', 'PROVIDENCIA', 88, 1086),
('001', 'LETICIA', 91, 1087),
('263', 'EL ENCANTO', 91, 1088),
('405', 'LA CHORRERA', 91, 1089),
('407', 'LA PEDRERA', 91, 1090),
('430', 'LA VICTORIA', 91, 1091),
('460', 'MIRITI - PARANA', 91, 1092),
('530', 'PUERTO ALEGRIA', 91, 1093),
('536', 'PUERTO ARICA', 91, 1094),
('540', 'PUERTO NARI?O', 91, 1095),
('669', 'PUERTO SANTANDER', 91, 1096),
('798', 'TARAPACA', 91, 1097),
('001', 'INIRIDA', 94, 1098),
('343', 'BARRANCO MINAS', 94, 1099),
('663', 'MAPIRIPANA', 94, 1100),
('883', 'SAN FELIPE', 94, 1101),
('884', 'PUERTO COLOMBIA', 94, 1102),
('885', 'LA GUADALUPE', 94, 1103),
('886', 'CACAHUAL', 94, 1104),
('887', 'PANA PANA', 94, 1105),
('888', 'MORICHAL', 94, 1106),
('001', 'SAN JOSE DEL GUAVIAR', 95, 1107),
('015', 'CALAMAR', 95, 1108),
('025', 'EL RETORNO', 95, 1109),
('200', 'MIRAFLORES', 95, 1110),
('001', 'MITU', 97, 1111),
('161', 'CARURU', 97, 1112),
('511', 'PACOA', 97, 1113),
('666', 'TARAIRA', 97, 1114),
('777', 'PAPUNAUA', 97, 1115),
('889', 'YAVARATE', 97, 1116),
('001', 'PUERTO CARRE?O', 99, 1117),
('524', 'LA PRIMAVERA', 99, 1118),
('624', 'SANTA ROSALIA', 99, 1119),
('773', 'CUMARIBO', 99, 1120);

-- --------------------------------------------------------

--
-- Table structure for table `pago`
--

CREATE TABLE `pago` (
  `ID_pago` int(11) NOT NULL,
  `ID_curso` int(11) NOT NULL,
  `identificacion_EST` int(16) NOT NULL,
  `tipo_pago` set('Efectivo','Consignacion') COLLATE latin1_spanish_ci NOT NULL,
  `subtipo_pago` set('Total','Parcial') COLLATE latin1_spanish_ci NOT NULL,
  `fecha_pago` timestamp NOT NULL DEFAULT current_timestamp() ON UPDATE current_timestamp(),
  `VALOR` int(11) NOT NULL
) ENGINE=InnoDB DEFAULT CHARSET=latin1 COLLATE=latin1_spanish_ci;

--
-- Dumping data for table `pago`
--

INSERT INTO `pago` (`ID_pago`, `ID_curso`, `identificacion_EST`, `tipo_pago`, `subtipo_pago`, `fecha_pago`, `VALOR`) VALUES
(1, 9, 232435223, 'Consignacion', 'Parcial', '2019-12-10 02:50:12', 232312121);

-- --------------------------------------------------------

--
-- Table structure for table `rol`
--

CREATE TABLE `rol` (
  `ID_rol` int(11) NOT NULL,
  `roles` set('Administrador','Funcionario','Estudiante') COLLATE latin1_spanish_ci NOT NULL
) ENGINE=InnoDB DEFAULT CHARSET=latin1 COLLATE=latin1_spanish_ci;

--
-- Dumping data for table `rol`
--

INSERT INTO `rol` (`ID_rol`, `roles`) VALUES
(1, 'Administrador'),
(2, 'Funcionario'),
(3, 'Estudiante');

-- --------------------------------------------------------

--
-- Table structure for table `usuarios`
--

CREATE TABLE `usuarios` (
  `ID_usuario` int(11) NOT NULL,
  `identificacion_EST` int(16) DEFAULT NULL,
  `identificacion_EMP` int(16) DEFAULT NULL,
  `password` varchar(50) COLLATE latin1_spanish_ci NOT NULL,
  `ID_rol` int(11) NOT NULL
) ENGINE=InnoDB DEFAULT CHARSET=latin1 COLLATE=latin1_spanish_ci;

--
-- Dumping data for table `usuarios`
--

INSERT INTO `usuarios` (`ID_usuario`, `identificacion_EST`, `identificacion_EMP`, `password`, `ID_rol`) VALUES
(1, 232435223, NULL, 'efrdsgse', 3),
(2, NULL, 1576803209, 'dhdgfxdsers', 2);

--
-- Indexes for dumped tables
--

--
-- Indexes for table `curso`
--
ALTER TABLE `curso`
  ADD PRIMARY KEY (`ID_curso`);

--
-- Indexes for table `departamentos`
--
ALTER TABLE `departamentos`
  ADD PRIMARY KEY (`id_depto`);

--
-- Indexes for table `empleado`
--
ALTER TABLE `empleado`
  ADD PRIMARY KEY (`ID_empleado`),
  ADD KEY `identificacion_EMP` (`identificacion_EMP`);

--
-- Indexes for table `estudiantes`
--
ALTER TABLE `estudiantes`
  ADD PRIMARY KEY (`ID_estudiantes`),
  ADD KEY `identificacion_EST` (`identificacion_EST`),
  ADD KEY `ID_curso` (`ID_curso`),
  ADD KEY `lugar_nacimientoD` (`lugar_nacimientoD`),
  ADD KEY `lugar_nacimientoM` (`lugar_nacimientoM`),
  ADD KEY `lugar_expedicionM` (`lugar_expedicionM`),
  ADD KEY `lugar_expedicionD` (`lugar_expedicionD`);

--
-- Indexes for table `municipios`
--
ALTER TABLE `municipios`
  ADD PRIMARY KEY (`ID_Municipios`),
  ADD KEY `id_depto` (`id_depto`),
  ADD KEY `ID_Municipios` (`ID_Municipios`);

--
-- Indexes for table `pago`
--
ALTER TABLE `pago`
  ADD PRIMARY KEY (`ID_pago`),
  ADD KEY `identificacion_EST` (`identificacion_EST`),
  ADD KEY `ID_curso` (`ID_curso`);

--
-- Indexes for table `rol`
--
ALTER TABLE `rol`
  ADD PRIMARY KEY (`ID_rol`);

--
-- Indexes for table `usuarios`
--
ALTER TABLE `usuarios`
  ADD PRIMARY KEY (`ID_usuario`),
  ADD KEY `identificacion_EST` (`identificacion_EST`) USING BTREE,
  ADD KEY `identificacion_EMP` (`identificacion_EMP`) USING BTREE,
  ADD KEY `ID_rol` (`ID_rol`);

--
-- AUTO_INCREMENT for dumped tables
--

--
-- AUTO_INCREMENT for table `curso`
--
ALTER TABLE `curso`
  MODIFY `ID_curso` int(11) NOT NULL AUTO_INCREMENT, AUTO_INCREMENT=12;

--
-- AUTO_INCREMENT for table `empleado`
--
ALTER TABLE `empleado`
  MODIFY `ID_empleado` int(11) NOT NULL AUTO_INCREMENT, AUTO_INCREMENT=3;

--
-- AUTO_INCREMENT for table `estudiantes`
--
ALTER TABLE `estudiantes`
  MODIFY `ID_estudiantes` int(11) NOT NULL AUTO_INCREMENT, AUTO_INCREMENT=2;

--
-- AUTO_INCREMENT for table `municipios`
--
ALTER TABLE `municipios`
  MODIFY `ID_Municipios` int(11) NOT NULL AUTO_INCREMENT, AUTO_INCREMENT=1121;

--
-- AUTO_INCREMENT for table `pago`
--
ALTER TABLE `pago`
  MODIFY `ID_pago` int(11) NOT NULL AUTO_INCREMENT, AUTO_INCREMENT=2;

--
-- AUTO_INCREMENT for table `rol`
--
ALTER TABLE `rol`
  MODIFY `ID_rol` int(11) NOT NULL AUTO_INCREMENT, AUTO_INCREMENT=4;

--
-- AUTO_INCREMENT for table `usuarios`
--
ALTER TABLE `usuarios`
  MODIFY `ID_usuario` int(11) NOT NULL AUTO_INCREMENT, AUTO_INCREMENT=3;

--
-- Constraints for dumped tables
--

--
-- Constraints for table `departamentos`
--
ALTER TABLE `departamentos`
  ADD CONSTRAINT `departamentos_ibfk_1` FOREIGN KEY (`id_depto`) REFERENCES `municipios` (`id_depto`);

--
-- Constraints for table `estudiantes`
--
ALTER TABLE `estudiantes`
  ADD CONSTRAINT `estudiantes_ibfk_1` FOREIGN KEY (`ID_curso`) REFERENCES `curso` (`ID_curso`),
  ADD CONSTRAINT `estudiantes_ibfk_2` FOREIGN KEY (`lugar_expedicionM`) REFERENCES `municipios` (`ID_Municipios`),
  ADD CONSTRAINT `estudiantes_ibfk_3` FOREIGN KEY (`lugar_nacimientoM`) REFERENCES `municipios` (`ID_Municipios`),
  ADD CONSTRAINT `estudiantes_ibfk_4` FOREIGN KEY (`lugar_expedicionD`) REFERENCES `departamentos` (`id_depto`),
  ADD CONSTRAINT `estudiantes_ibfk_5` FOREIGN KEY (`lugar_nacimientoD`) REFERENCES `departamentos` (`id_depto`);

--
-- Constraints for table `pago`
--
ALTER TABLE `pago`
  ADD CONSTRAINT `pago_ibfk_5` FOREIGN KEY (`identificacion_EST`) REFERENCES `estudiantes` (`identificacion_EST`) ON DELETE CASCADE ON UPDATE CASCADE,
  ADD CONSTRAINT `pago_ibfk_6` FOREIGN KEY (`ID_curso`) REFERENCES `curso` (`ID_curso`);

--
-- Constraints for table `usuarios`
--
ALTER TABLE `usuarios`
  ADD CONSTRAINT `usuarios_ibfk_1` FOREIGN KEY (`identificacion_EMP`) REFERENCES `empleado` (`identificacion_EMP`),
  ADD CONSTRAINT `usuarios_ibfk_2` FOREIGN KEY (`identificacion_EST`) REFERENCES `estudiantes` (`identificacion_EST`),
  ADD CONSTRAINT `usuarios_ibfk_3` FOREIGN KEY (`ID_rol`) REFERENCES `rol` (`ID_rol`);
COMMIT;

/*!40101 SET CHARACTER_SET_CLIENT=@OLD_CHARACTER_SET_CLIENT */;
/*!40101 SET CHARACTER_SET_RESULTS=@OLD_CHARACTER_SET_RESULTS */;
/*!40101 SET COLLATION_CONNECTION=@OLD_COLLATION_CONNECTION */;
